460348033, 2022-01-30T00:07:23Z 
461776735, 2022-01-30T00:07:24Z 
451624568, 2022-01-30T00:07:25Z 
453028636, 2022-01-30T00:07:27Z 
451624568, 2022-01-30T00:07:27Z 
451624568, 2022-01-30T00:07:27Z 
461776735, 2022-01-30T00:07:28Z 
460348033, 2022-01-30T00:07:29Z 
461129527, 2022-01-30T00:07:29Z 
460348033, 2022-01-30T00:07:29Z 
460348033, 2022-01-30T00:07:29Z 
460348033, 2022-01-30T00:07:30Z 
461776735, 2022-01-30T00:07:30Z 
451624568, 2022-01-30T00:07:31Z 
460348033, 2022-01-30T00:07:32Z 
450884681, 2022-01-30T00:07:32Z 
450884681, 2022-01-30T00:05:23Z 
461776735, 2022-01-30T00:05:24Z 
461776735, 2022-01-30T00:05:24Z 
461129527, 2022-01-30T00:05:24Z 
460348033, 2022-01-30T00:05:25Z 
460348033, 2022-01-30T00:05:25Z 
461129527, 2022-01-30T00:05:25Z 
460348033, 2022-01-30T00:05:29Z 
453028636, 2022-01-30T00:05:30Z 
460348033, 2022-01-30T00:05:30Z 
451624568, 2022-01-30T00:05:31Z 
453028636, 2022-01-30T00:05:31Z 
460348033, 2022-01-30T00:05:31Z 
461129527, 2022-01-30T00:05:31Z 
450884681, 2022-01-30T00:05:32Z 
460348033, 2022-01-30T00:01:13Z 
460348033, 2022-01-30T00:01:14Z 
450884681, 2022-01-30T00:01:14Z 
460348033, 2022-01-30T00:01:14Z 
451624568, 2022-01-30T00:01:15Z 
461129527, 2022-01-30T00:01:16Z 
460348033, 2022-01-30T00:01:16Z 
460348033, 2022-01-30T00:01:16Z 
453028636, 2022-01-30T00:01:16Z 
461776735, 2022-01-30T00:01:16Z 
451624568, 2022-01-30T00:01:16Z 
460348033, 2022-01-30T00:01:17Z 
461776735, 2022-01-30T00:01:18Z 
460348033, 2022-01-30T00:01:19Z 
460348033, 2022-01-30T00:01:20Z 
461776735, 2022-01-30T00:01:20Z 
450884681, 2022-01-30T00:01:21Z 
461129527, 2022-01-30T00:06:43Z 
460348033, 2022-01-30T00:06:45Z 
461129527, 2022-01-30T00:06:45Z 
461776735, 2022-01-30T00:06:46Z 
461776735, 2022-01-30T00:06:46Z 
453028636, 2022-01-30T00:06:47Z 
461776735, 2022-01-30T00:06:47Z 
451624568, 2022-01-30T00:06:48Z 
461129527, 2022-01-30T00:06:49Z 
451624568, 2022-01-30T00:06:50Z 
460348033, 2022-01-30T00:06:51Z 
461776735, 2022-01-30T00:06:51Z 
453028636, 2022-01-30T00:06:52Z 
460348033, 2022-01-30T00:06:52Z 
451624568, 2022-01-30T00:07:13Z 
460348033, 2022-01-30T00:07:13Z 
460348033, 2022-01-30T00:07:13Z 
461776735, 2022-01-30T00:07:14Z 
461776735, 2022-01-30T00:07:14Z 
460348033, 2022-01-30T00:07:15Z 
451624568, 2022-01-30T00:07:16Z 
451624568, 2022-01-30T00:07:18Z 
461129527, 2022-01-30T00:07:19Z 
451624568, 2022-01-30T00:07:19Z 
461776735, 2022-01-30T00:07:20Z 
461129527, 2022-01-30T00:07:20Z 
460348033, 2022-01-30T00:07:20Z 
461776735, 2022-01-30T00:07:20Z 
461776735, 2022-01-30T00:07:21Z 
460348033, 2022-01-30T00:07:22Z 
451624568, 2022-01-30T00:07:22Z 
461129527, 2022-01-30T00:06:53Z 
453028636, 2022-01-30T00:06:53Z 
453028636, 2022-01-30T00:06:53Z 
460348033, 2022-01-30T00:06:54Z 
450884681, 2022-01-30T00:06:55Z 
450884681, 2022-01-30T00:06:55Z 
461129527, 2022-01-30T00:06:56Z 
451624568, 2022-01-30T00:06:56Z 
450884681, 2022-01-30T00:06:56Z 
461129527, 2022-01-30T00:06:57Z 
460348033, 2022-01-30T00:06:59Z 
460348033, 2022-01-30T00:06:59Z 
461776735, 2022-01-30T00:06:59Z 
460348033, 2022-01-30T00:07:00Z 
460348033, 2022-01-30T00:07:00Z 
451624568, 2022-01-30T00:07:01Z 
461776735, 2022-01-30T00:01:03Z 
461776735, 2022-01-30T00:01:03Z 
451624568, 2022-01-30T00:01:04Z 
451624568, 2022-01-30T00:01:05Z 
451624568, 2022-01-30T00:01:06Z 
450884681, 2022-01-30T00:01:08Z 
461776735, 2022-01-30T00:01:08Z 
453028636, 2022-01-30T00:01:08Z 
460348033, 2022-01-30T00:01:09Z 
460348033, 2022-01-30T00:01:09Z 
450884681, 2022-01-30T00:01:12Z 
450884681, 2022-01-30T00:01:12Z 
461129527, 2022-01-30T00:01:12Z 
450884681, 2022-01-30T00:05:16Z 
460348033, 2022-01-30T00:05:16Z 
461129527, 2022-01-30T00:05:17Z 
460348033, 2022-01-30T00:05:17Z 
450884681, 2022-01-30T00:05:17Z 
461776735, 2022-01-30T00:05:17Z 
461129527, 2022-01-30T00:05:19Z 
453028636, 2022-01-30T00:05:20Z 
460348033, 2022-01-30T00:05:20Z 
453028636, 2022-01-30T00:01:33Z 
460348033, 2022-01-30T00:01:34Z 
461129527, 2022-01-30T00:01:34Z 
453028636, 2022-01-30T00:01:35Z 
453028636, 2022-01-30T00:01:35Z 
451624568, 2022-01-30T00:01:36Z 
461129527, 2022-01-30T00:01:36Z 
450884681, 2022-01-30T00:01:37Z 
451624568, 2022-01-30T00:01:38Z 
451624568, 2022-01-30T00:01:42Z 
453028636, 2022-01-30T00:01:42Z 
461129527, 2022-01-30T00:01:42Z 
453028636, 2022-01-30T00:02:02Z 
460348033, 2022-01-30T00:02:03Z 
460348033, 2022-01-30T00:02:03Z 
460348033, 2022-01-30T00:02:04Z 
453028636, 2022-01-30T00:02:04Z 
451624568, 2022-01-30T00:02:04Z 
461776735, 2022-01-30T00:02:04Z 
450884681, 2022-01-30T00:02:05Z 
460348033, 2022-01-30T00:02:05Z 
451624568, 2022-01-30T00:02:06Z 
461129527, 2022-01-30T00:02:06Z 
450884681, 2022-01-30T00:02:07Z 
450884681, 2022-01-30T00:02:08Z 
461129527, 2022-01-30T00:02:09Z 
460348033, 2022-01-30T00:02:10Z 
450884681, 2022-01-30T00:02:11Z 
450884681, 2022-01-30T00:02:11Z 
451624568, 2022-01-30T00:02:11Z 
460348033, 2022-01-30T00:03:13Z 
461776735, 2022-01-30T00:03:13Z 
461776735, 2022-01-30T00:03:13Z 
460348033, 2022-01-30T00:03:13Z 
460348033, 2022-01-30T00:03:14Z 
461776735, 2022-01-30T00:03:14Z 
460348033, 2022-01-30T00:03:14Z 
453028636, 2022-01-30T00:03:15Z 
460348033, 2022-01-30T00:03:19Z 
450884681, 2022-01-30T00:03:20Z 
451624568, 2022-01-30T00:03:20Z 
451624568, 2022-01-30T00:03:22Z 
453028636, 2022-01-30T00:05:53Z 
461776735, 2022-01-30T00:05:54Z 
460348033, 2022-01-30T00:05:54Z 
453028636, 2022-01-30T00:05:55Z 
460348033, 2022-01-30T00:05:57Z 
461776735, 2022-01-30T00:05:57Z 
460348033, 2022-01-30T00:05:57Z 
450884681, 2022-01-30T00:05:58Z 
450884681, 2022-01-30T00:05:58Z 
460348033, 2022-01-30T00:05:58Z 
460348033, 2022-01-30T00:06:00Z 
460348033, 2022-01-30T00:06:01Z 
460348033, 2022-01-30T00:06:01Z 
451624568, 2022-01-30T00:06:02Z 
451624568, 2022-01-30T00:04:14Z 
460348033, 2022-01-30T00:04:14Z 
461129527, 2022-01-30T00:04:15Z 
461776735, 2022-01-30T00:04:16Z 
450884681, 2022-01-30T00:04:16Z 
461129527, 2022-01-30T00:04:16Z 
450884681, 2022-01-30T00:04:17Z 
461776735, 2022-01-30T00:04:18Z 
460348033, 2022-01-30T00:04:18Z 
453028636, 2022-01-30T00:04:19Z 
460348033, 2022-01-30T00:04:20Z 
450884681, 2022-01-30T00:04:21Z 
461776735, 2022-01-30T00:00:23Z 
451624568, 2022-01-30T00:00:23Z 
461776735, 2022-01-30T00:00:23Z 
450884681, 2022-01-30T00:00:23Z 
461129527, 2022-01-30T00:00:24Z 
461129527, 2022-01-30T00:00:24Z 
461129527, 2022-01-30T00:00:25Z 
451624568, 2022-01-30T00:00:25Z 
460348033, 2022-01-30T00:00:25Z 
453028636, 2022-01-30T00:00:26Z 
461776735, 2022-01-30T00:00:27Z 
453028636, 2022-01-30T00:00:28Z 
461776735, 2022-01-30T00:00:28Z 
460348033, 2022-01-30T00:00:29Z 
453028636, 2022-01-30T00:00:29Z 
460348033, 2022-01-30T00:00:30Z 
460348033, 2022-01-30T00:00:30Z 
460348033, 2022-01-30T00:00:30Z 
461776735, 2022-01-30T00:00:31Z 
450884681, 2022-01-30T00:00:31Z 
461129527, 2022-01-30T00:00:32Z 
450884681, 2022-01-30T00:00:32Z 
450884681, 2022-01-30T00:07:02Z 
461776735, 2022-01-30T00:07:05Z 
453028636, 2022-01-30T00:07:05Z 
461129527, 2022-01-30T00:07:05Z 
461129527, 2022-01-30T00:07:06Z 
460348033, 2022-01-30T00:07:07Z 
460348033, 2022-01-30T00:07:07Z 
460348033, 2022-01-30T00:07:10Z 
460348033, 2022-01-30T00:07:10Z 
461776735, 2022-01-30T00:07:10Z 
451624568, 2022-01-30T00:07:10Z 
461776735, 2022-01-30T00:07:10Z 
461129527, 2022-01-30T00:07:11Z 
451624568, 2022-01-30T00:07:12Z 
453028636, 2022-01-30T00:07:12Z 
450884681, 2022-01-30T00:04:54Z 
450884681, 2022-01-30T00:04:54Z 
461129527, 2022-01-30T00:04:56Z 
461776735, 2022-01-30T00:04:59Z 
453028636, 2022-01-30T00:05:01Z 
461776735, 2022-01-30T00:05:01Z 
451624568, 2022-01-30T00:05:02Z 
460348033, 2022-01-30T00:05:02Z 
451624568, 2022-01-30T00:05:03Z 
451624568, 2022-01-30T00:05:04Z 
460348033, 2022-01-30T00:05:05Z 
451624568, 2022-01-30T00:05:06Z 
461776735, 2022-01-30T00:05:07Z 
453028636, 2022-01-30T00:05:08Z 
451624568, 2022-01-30T00:05:08Z 
453028636, 2022-01-30T00:05:09Z 
451624568, 2022-01-30T00:05:09Z 
450884681, 2022-01-30T00:05:09Z 
460348033, 2022-01-30T00:05:12Z 
450884681, 2022-01-30T00:05:12Z 
453028636, 2022-01-30T00:03:45Z 
461129527, 2022-01-30T00:03:46Z 
460348033, 2022-01-30T00:03:48Z 
460348033, 2022-01-30T00:03:49Z 
460348033, 2022-01-30T00:03:49Z 
450884681, 2022-01-30T00:03:50Z 
451624568, 2022-01-30T00:03:50Z 
461129527, 2022-01-30T00:03:50Z 
460348033, 2022-01-30T00:04:03Z 
453028636, 2022-01-30T00:04:04Z 
461129527, 2022-01-30T00:04:05Z 
453028636, 2022-01-30T00:04:08Z 
450884681, 2022-01-30T00:04:11Z 
450884681, 2022-01-30T00:04:11Z 
461776735, 2022-01-30T00:04:43Z 
461129527, 2022-01-30T00:04:43Z 
450884681, 2022-01-30T00:04:43Z 
460348033, 2022-01-30T00:04:44Z 
450884681, 2022-01-30T00:04:45Z 
461129527, 2022-01-30T00:04:45Z 
461776735, 2022-01-30T00:04:46Z 
451624568, 2022-01-30T00:04:46Z 
461776735, 2022-01-30T00:04:46Z 
460348033, 2022-01-30T00:04:49Z 
451624568, 2022-01-30T00:04:49Z 
453028636, 2022-01-30T00:04:50Z 
460348033, 2022-01-30T00:04:50Z 
451624568, 2022-01-30T00:04:51Z 
450884681, 2022-01-30T00:04:51Z 
451624568, 2022-01-30T00:04:52Z 
450884681, 2022-01-30T00:06:33Z 
461129527, 2022-01-30T00:06:36Z 
453028636, 2022-01-30T00:06:37Z 
451624568, 2022-01-30T00:06:37Z 
453028636, 2022-01-30T00:06:37Z 
460348033, 2022-01-30T00:06:37Z 
461776735, 2022-01-30T00:06:38Z 
460348033, 2022-01-30T00:06:38Z 
451624568, 2022-01-30T00:06:39Z 
460348033, 2022-01-30T00:06:40Z 
461129527, 2022-01-30T00:06:41Z 
451624568, 2022-01-30T00:06:42Z 
453028636, 2022-01-30T00:06:42Z 
450884681, 2022-01-30T00:01:42Z 
451624568, 2022-01-30T00:01:42Z 
453028636, 2022-01-30T00:01:42Z 
460348033, 2022-01-30T00:01:43Z 
461776735, 2022-01-30T00:01:43Z 
453028636, 2022-01-30T00:01:43Z 
461129527, 2022-01-30T00:01:44Z 
460348033, 2022-01-30T00:01:44Z 
461776735, 2022-01-30T00:01:44Z 
461129527, 2022-01-30T00:01:44Z 
461776735, 2022-01-30T00:01:45Z 
453028636, 2022-01-30T00:01:45Z 
453028636, 2022-01-30T00:01:46Z 
453028636, 2022-01-30T00:01:46Z 
460348033, 2022-01-30T00:01:47Z 
460348033, 2022-01-30T00:01:47Z 
461129527, 2022-01-30T00:01:47Z 
450884681, 2022-01-30T00:01:49Z 
451624568, 2022-01-30T00:01:51Z 
461776735, 2022-01-30T00:01:52Z 
453028636, 2022-01-30T00:05:33Z 
461129527, 2022-01-30T00:05:33Z 
453028636, 2022-01-30T00:05:35Z 
461129527, 2022-01-30T00:05:35Z 
461129527, 2022-01-30T00:05:35Z 
460348033, 2022-01-30T00:05:35Z 
461776735, 2022-01-30T00:05:37Z 
450884681, 2022-01-30T00:05:37Z 
451624568, 2022-01-30T00:05:39Z 
460348033, 2022-01-30T00:05:40Z 
451624568, 2022-01-30T00:01:54Z 
451624568, 2022-01-30T00:01:54Z 
461776735, 2022-01-30T00:01:58Z 
461776735, 2022-01-30T00:02:00Z 
460348033, 2022-01-30T00:02:00Z 
461129527, 2022-01-30T00:02:01Z 
450884681, 2022-01-30T00:03:23Z 
461129527, 2022-01-30T00:03:23Z 
460348033, 2022-01-30T00:03:24Z 
453028636, 2022-01-30T00:03:26Z 
460348033, 2022-01-30T00:03:26Z 
460348033, 2022-01-30T00:03:26Z 
450884681, 2022-01-30T00:03:28Z 
461776735, 2022-01-30T00:03:28Z 
460348033, 2022-01-30T00:03:29Z 
460348033, 2022-01-30T00:03:30Z 
450884681, 2022-01-30T00:03:31Z 
461776735, 2022-01-30T00:03:32Z 
461776735, 2022-01-30T00:06:03Z 
460348033, 2022-01-30T00:06:03Z 
451624568, 2022-01-30T00:06:05Z 
460348033, 2022-01-30T00:06:06Z 
460348033, 2022-01-30T00:06:07Z 
450884681, 2022-01-30T00:06:10Z 
453028636, 2022-01-30T00:06:11Z 
453028636, 2022-01-30T00:06:11Z 
453028636, 2022-01-30T00:06:12Z 
453028636, 2022-01-30T00:03:33Z 
461776735, 2022-01-30T00:03:34Z 
460348033, 2022-01-30T00:03:34Z 
460348033, 2022-01-30T00:03:34Z 
450884681, 2022-01-30T00:03:35Z 
460348033, 2022-01-30T00:03:36Z 
461129527, 2022-01-30T00:03:37Z 
451624568, 2022-01-30T00:03:38Z 
451624568, 2022-01-30T00:03:39Z 
460348033, 2022-01-30T00:03:40Z 
460348033, 2022-01-30T00:03:41Z 
460348033, 2022-01-30T00:03:41Z 
460348033, 2022-01-30T00:03:42Z 
451624568, 2022-01-30T00:03:54Z 
451624568, 2022-01-30T00:03:55Z 
461129527, 2022-01-30T00:03:56Z 
451624568, 2022-01-30T00:03:56Z 
461776735, 2022-01-30T00:03:56Z 
451624568, 2022-01-30T00:03:58Z 
450884681, 2022-01-30T00:03:58Z 
453028636, 2022-01-30T00:03:59Z 
460348033, 2022-01-30T00:03:59Z 
460348033, 2022-01-30T00:04:01Z 
461129527, 2022-01-30T00:04:02Z 
460348033, 2022-01-30T00:02:13Z 
453028636, 2022-01-30T00:02:13Z 
450884681, 2022-01-30T00:02:13Z 
460348033, 2022-01-30T00:02:13Z 
461776735, 2022-01-30T00:02:14Z 
450884681, 2022-01-30T00:02:15Z 
451624568, 2022-01-30T00:02:16Z 
460348033, 2022-01-30T00:02:16Z 
453028636, 2022-01-30T00:02:17Z 
451624568, 2022-01-30T00:02:17Z 
460348033, 2022-01-30T00:02:17Z 
460348033, 2022-01-30T00:02:17Z 
450884681, 2022-01-30T00:02:18Z 
453028636, 2022-01-30T00:02:19Z 
461129527, 2022-01-30T00:02:19Z 
453028636, 2022-01-30T00:02:20Z 
453028636, 2022-01-30T00:02:20Z 
461776735, 2022-01-30T00:02:20Z 
460348033, 2022-01-30T00:02:22Z 
460348033, 2022-01-30T00:06:22Z 
461776735, 2022-01-30T00:06:23Z 
453028636, 2022-01-30T00:06:23Z 
461776735, 2022-01-30T00:06:23Z 
460348033, 2022-01-30T00:06:24Z 
460348033, 2022-01-30T00:06:27Z 
453028636, 2022-01-30T00:06:28Z 
451624568, 2022-01-30T00:06:30Z 
451624568, 2022-01-30T00:06:30Z 
461129527, 2022-01-30T00:06:30Z 
451624568, 2022-01-30T00:06:31Z 
460348033, 2022-01-30T00:06:31Z 
461129527, 2022-01-30T00:03:02Z 
461776735, 2022-01-30T00:03:04Z 
460348033, 2022-01-30T00:03:05Z 
460348033, 2022-01-30T00:03:05Z 
461129527, 2022-01-30T00:03:05Z 
461129527, 2022-01-30T00:03:07Z 
460348033, 2022-01-30T00:03:09Z 
460348033, 2022-01-30T00:03:09Z 
461129527, 2022-01-30T00:03:09Z 
461129527, 2022-01-30T00:03:09Z 
450884681, 2022-01-30T00:03:11Z 
451624568, 2022-01-30T00:03:11Z 
453028636, 2022-01-30T00:03:11Z 
450884681, 2022-01-30T00:05:43Z 
460348033, 2022-01-30T00:05:46Z 
461129527, 2022-01-30T00:05:46Z 
461776735, 2022-01-30T00:05:47Z 
453028636, 2022-01-30T00:05:47Z 
450884681, 2022-01-30T00:05:48Z 
461776735, 2022-01-30T00:05:48Z 
460348033, 2022-01-30T00:05:50Z 
461129527, 2022-01-30T00:05:52Z 
451624568, 2022-01-30T00:04:22Z 
460348033, 2022-01-30T00:04:23Z 
460348033, 2022-01-30T00:04:25Z 
461776735, 2022-01-30T00:04:26Z 
450884681, 2022-01-30T00:04:28Z 
461776735, 2022-01-30T00:04:28Z 
460348033, 2022-01-30T00:04:29Z 
461776735, 2022-01-30T00:04:29Z 
461776735, 2022-01-30T00:04:29Z 
453028636, 2022-01-30T00:04:30Z 
451624568, 2022-01-30T00:04:31Z 
460348033, 2022-01-30T00:04:31Z 
450884681, 2022-01-30T00:04:31Z 
460348033, 2022-01-30T00:04:32Z 
453028636, 2022-01-30T00:04:32Z 
450884681, 2022-01-30T00:02:53Z 
461776735, 2022-01-30T00:02:53Z 
461129527, 2022-01-30T00:02:53Z 
453028636, 2022-01-30T00:02:54Z 
460348033, 2022-01-30T00:02:54Z 
460348033, 2022-01-30T00:02:55Z 
461776735, 2022-01-30T00:02:56Z 
451624568, 2022-01-30T00:02:56Z 
461129527, 2022-01-30T00:02:57Z 
453028636, 2022-01-30T00:02:57Z 
450884681, 2022-01-30T00:02:58Z 
453028636, 2022-01-30T00:02:59Z 
460348033, 2022-01-30T00:03:02Z 
461776735, 2022-01-30T00:02:24Z 
461776735, 2022-01-30T00:02:25Z 
451624568, 2022-01-30T00:02:25Z 
451624568, 2022-01-30T00:02:25Z 
450884681, 2022-01-30T00:02:26Z 
461129527, 2022-01-30T00:02:26Z 
461776735, 2022-01-30T00:02:27Z 
461776735, 2022-01-30T00:02:28Z 
451624568, 2022-01-30T00:02:28Z 
450884681, 2022-01-30T00:02:29Z 
450884681, 2022-01-30T00:02:29Z 
460348033, 2022-01-30T00:02:31Z 
461776735, 2022-01-30T00:02:31Z 
461776735, 2022-01-30T00:02:31Z 
451624568, 2022-01-30T00:02:31Z 
453028636, 2022-01-30T00:02:32Z 
460348033, 2022-01-30T00:00:33Z 
460348033, 2022-01-30T00:00:33Z 
451624568, 2022-01-30T00:00:33Z 
461776735, 2022-01-30T00:00:34Z 
453028636, 2022-01-30T00:00:34Z 
460348033, 2022-01-30T00:00:35Z 
460348033, 2022-01-30T00:00:35Z 
453028636, 2022-01-30T00:00:36Z 
460348033, 2022-01-30T00:00:37Z 
461776735, 2022-01-30T00:00:39Z 
453028636, 2022-01-30T00:00:39Z 
460348033, 2022-01-30T00:00:40Z 
461129527, 2022-01-30T00:00:40Z 
451624568, 2022-01-30T00:00:40Z 
451624568, 2022-01-30T00:00:40Z 
453028636, 2022-01-30T00:00:41Z 
460348033, 2022-01-30T00:00:41Z 
460348033, 2022-01-30T00:00:41Z 
461129527, 2022-01-30T00:00:42Z 
461129527, 2022-01-30T00:00:53Z 
461129527, 2022-01-30T00:00:54Z 
451624568, 2022-01-30T00:00:56Z 
450884681, 2022-01-30T00:00:56Z 
461129527, 2022-01-30T00:00:57Z 
461129527, 2022-01-30T00:00:58Z 
453028636, 2022-01-30T00:00:58Z 
453028636, 2022-01-30T00:01:00Z 
460348033, 2022-01-30T00:01:01Z 
451624568, 2022-01-30T00:01:01Z 
461129527, 2022-01-30T00:02:43Z 
460348033, 2022-01-30T00:02:43Z 
450884681, 2022-01-30T00:02:43Z 
450884681, 2022-01-30T00:02:45Z 
453028636, 2022-01-30T00:02:45Z 
460348033, 2022-01-30T00:02:46Z 
450884681, 2022-01-30T00:02:48Z 
460348033, 2022-01-30T00:02:48Z 
461129527, 2022-01-30T00:02:48Z 
453028636, 2022-01-30T00:02:49Z 
451624568, 2022-01-30T00:02:49Z 
461129527, 2022-01-30T00:02:49Z 
453028636, 2022-01-30T00:02:50Z 
461129527, 2022-01-30T00:02:51Z 
460348033, 2022-01-30T00:02:51Z 
461129527, 2022-01-30T00:02:52Z 
451624568, 2022-01-30T00:02:52Z 
460348033, 2022-01-30T00:02:32Z 
460348033, 2022-01-30T00:02:33Z 
451624568, 2022-01-30T00:02:33Z 
461129527, 2022-01-30T00:02:35Z 
453028636, 2022-01-30T00:02:36Z 
460348033, 2022-01-30T00:02:37Z 
460348033, 2022-01-30T00:02:38Z 
460348033, 2022-01-30T00:02:38Z 
461776735, 2022-01-30T00:02:41Z 
453028636, 2022-01-30T00:02:42Z 
461776735, 2022-01-30T00:04:33Z 
461776735, 2022-01-30T00:04:33Z 
450884681, 2022-01-30T00:04:33Z 
453028636, 2022-01-30T00:04:33Z 
453028636, 2022-01-30T00:04:34Z 
450884681, 2022-01-30T00:04:35Z 
460348033, 2022-01-30T00:04:36Z 
451624568, 2022-01-30T00:04:38Z 
461129527, 2022-01-30T00:04:38Z 
461776735, 2022-01-30T00:04:39Z 
460348033, 2022-01-30T00:04:42Z 
460348033, 2022-01-30T00:00:15Z 
453028636, 2022-01-30T00:00:15Z 
453028636, 2022-01-30T00:00:18Z 
453028636, 2022-01-30T00:00:18Z 
461129527, 2022-01-30T00:00:19Z 
451624568, 2022-01-30T00:00:19Z 
453028636, 2022-01-30T00:00:19Z 
461776735, 2022-01-30T00:00:21Z 
461129527, 2022-01-30T00:00:21Z 
451624568, 2022-01-30T00:00:22Z 
461129527, 2022-01-30T00:00:02Z 
451624568, 2022-01-30T00:00:03Z 
460348033, 2022-01-30T00:00:04Z 
453028636, 2022-01-30T00:00:06Z 
461776735, 2022-01-30T00:00:06Z 
460348033, 2022-01-30T00:00:06Z 
461776735, 2022-01-30T00:00:06Z 
460348033, 2022-01-30T00:00:10Z 
453028636, 2022-01-30T00:00:10Z 
450884681, 2022-01-30T00:00:10Z 
460348033, 2022-01-30T00:00:12Z 
460348033, 2022-01-30T00:06:12Z 
461129527, 2022-01-30T00:06:14Z 
461776735, 2022-01-30T00:06:14Z 
451624568, 2022-01-30T00:06:15Z 
461776735, 2022-01-30T00:06:15Z 
460348033, 2022-01-30T00:06:16Z 
451624568, 2022-01-30T00:06:16Z 
453028636, 2022-01-30T00:06:17Z 
453028636, 2022-01-30T00:06:17Z 
451624568, 2022-01-30T00:06:18Z 
450884681, 2022-01-30T00:06:18Z 
461129527, 2022-01-30T00:06:19Z 
460348033, 2022-01-30T00:06:20Z 
461129527, 2022-01-30T00:06:20Z 
461776735, 2022-01-30T00:06:22Z 
460348033, 2022-01-30T00:06:22Z 
450884681, 2022-01-30T00:00:43Z 
451624568, 2022-01-30T00:00:44Z 
453028636, 2022-01-30T00:00:45Z 
460348033, 2022-01-30T00:00:45Z 
461776735, 2022-01-30T00:00:45Z 
451624568, 2022-01-30T00:00:46Z 
451624568, 2022-01-30T00:00:47Z 
461776735, 2022-01-30T00:00:51Z 
453028636, 2022-01-30T00:00:52Z 
461776735, 2022-01-30T00:01:23Z 
460348033, 2022-01-30T00:01:25Z 
460348033, 2022-01-30T00:01:27Z 
461129527, 2022-01-30T00:01:27Z 
451624568, 2022-01-30T00:01:28Z 
450884681, 2022-01-30T00:01:29Z 
460348033, 2022-01-30T00:01:31Z 
461129527, 2022-01-30T00:01:32Z 
461776735, 2022-01-30T00:01:32Z 
461129527, 2022-01-30T00:00:01Z 
461776735, 2022-01-30T00:00:01Z 
461776735, 2022-01-30T00:00:01Z 
460348033, 2022-01-30T00:00:01Z 
